{"stats":{"minecraft:crafted":{"minecraft:oak_planks":18,"mekanism:basic_chemical_tank":1,"mekanism:dosimeter":1,"minecraft:furnace":4,"minecraft:bone_meal":12,"mekanismgenerators:heat_generator":1,"minecraft:cooked_mutton":4,"minecraft:glass_pane":4,"minecraft:iron_bars":1,"minecraft:glass":34,"minecraft:iron_axe":4,"minecraft:stone_pickaxe":2,"minecraft:chest":2,"galosphere:silver_ingot":6,"minecraft:birch_door":1,"sophisticatedbackpacks:iron_backpack":2,"minecraft:wheat":7,"minecraft:cooked_beef":38,"minecraft:coal_block":2,"mekanism:ingot_tin":35,"sophisticatedbackpacks:backpack":1,"minecraft:emerald":6,"mekanism:metallurgic_infuser":1,"minecraft:crafting_table":4,"minecraft:spruce_planks":18,"minecraft:baked_potato":96,"minecraft:wooden_pickaxe":1,"minecraft:copper_ingot":58,"minecraft:bucket":1,"minecraft:birch_planks":79,"minecraft:stone_axe":3,"minecraft:bread":26,"minecraft:air":1104,"duneons:outpostwood_planks":6,"minecraft:blue_dye":1,"minecraft:diamond_pickaxe":1,"minecraft:iron_chestplate":1,"minecraft:shield":2,"minecraft:stick":59,"minecraft:iron_pickaxe":6,"minecraft:iron_ingot":117,"minecraft:gold_ingot":19,"minecraft:iron_shovel":3,"minecraft:iron_leggings":1,"minecraft:white_bed":1,"minecraft:torch":48,"minecraft:birch_stairs":11,"create:zinc_ingot":64},"minecraft:broken":{"minecraft:iron_shovel":2,"minecraft:wooden_pickaxe":1,"minecraft:stone_pickaxe":1,"minecraft:shield":1,"minecraft:iron_pickaxe":1},"minecraft:dropped":{"sophisticatedbackpacks:iron_backpack":2,"biomesoplenty:umbran_planks":2,"biomesoplenty:dead_planks":1,"minecraft:wheat_seeds":45,"minecraft:cooked_beef":5,"minecraft:lilac":1,"minecraft:mossy_cobblestone":1,"minecraft:crafting_table":1,"duneons:charredgrassblock":2,"minecraft:poisonous_potato":4,"mekanism:basic_chemical_tank":1,"minecraft:granite":1,"create:crimsite":1,"minecraft:stick":9,"duneons:vasehighland":1,"minecraft:dirt":7,"duneons:golemruin":2,"duneons:windhole":1,"minecraft:diorite":1,"duneons:dungeonscharredcobblestone":1,"duneons:goatgear_helmet":1,"minecraft:wooden_sword":2,"minecraft:iron_axe":1,"minecraft:white_wool":1,"minecraft:spruce_sapling":2,"biomesoplenty:toadstool":6,"minecraft:stone_axe":1,"duneons:goldblockchiseledslab":1,"minecraft:coarse_dirt":1,"alexsmobs:animal_dictionary":1,"minecraft:cobbled_deepslate":3,"biomesoplenty:yellow_autumn_sapling":32,"minecraft:tuff":1,"minecraft:rotten_flesh":3,"duneons:goldchain":1,"minecraft:cooked_mutton":4,"minecraft:white_bed":1,"minecraft:pumpkin_seeds":3,"minecraft:spruce_planks":2,"minecraft:spruce_trapdoor":1,"minecraft:andesite":2,"minecraft:purple_bed":1,"minecraft:birch_door":1,"minecraft:chest":2,"galosphere:pink_salt_straw":1,"minecraft:arrow":6,"minecraft:wooden_pickaxe":2,"minecraft:stone_pickaxe":1,"duneons:sanctumstonepatternedgilded":1},"minecraft:picked_up":{"minecraft:birch_door":2,"minecraft:crafting_table":20,"minecraft:coarse_dirt":2,"galosphere:pink_salt_straw":1,"minecraft:wheat":13,"duneons:goldchain":11,"minecraft:wooden_pickaxe":2,"mekanismtools:refined_obsidian_chestplate":2,"minecraft:raw_copper":24,"minecraft:wooden_sword":2,"biomesoplenty:yellow_autumn_sapling":61,"duneons:goatgear_helmet":1,"duneons:windorangebannertop":1,"minecraft:iron_leggings":1,"biomesoplenty:umbran_boat":1,"minecraft:cobbled_deepslate":81,"minecraft:spruce_planks":12,"minecraft:beef":54,"minecraft:chest":11,"minecraft:spruce_trapdoor":1,"minecraft:furnace":11,"duneons:highlandlog":6,"minecraft:stick":27,"minecraft:raw_iron":164,"minecraft:torch":14,"biomesoplenty:umbran_planks":2,"sophisticatedbackpacks:backpack":2,"minecraft:diorite":1,"minecraft:carrot":3,"minecraft:redstone":84,"mekanism:raw_tin":40,"minecraft:arrow":10,"minecraft:rotten_flesh":10,"minecraft:hay_block":7,"create:asurine":22,"minecraft:iron_bars":2,"duneons:vasehighland":1,"minecraft:bone_block":6,"minecraft:mutton":6,"minecraft:cobblestone":199,"minecraft:white_wool":4,"minecraft:birch_log":96,"duneons:crystalblue":3,"minecraft:lilac":3,"mekanism:raw_lead":8,"duneons:windorangebannerwood":2,"minecraft:andesite":3,"minecraft:leather":30,"minecraft:potato":182,"minecraft:birch_planks":23,"minecraft:tuff":2,"create:raw_zinc":140,"minecraft:oak_log":21,"duneons:outposttent":1,"minecraft:golden_boots":4,"minecraft:lapis_lazuli":45,"duneons:golemruin":2,"minecraft:blue_bed":9,"minecraft:dirt":733,"duneons:charredgrassblock":2,"minecraft:bone":12,"minecraft:apple":5,"minecraft:wheat_seeds":70,"minecraft:raw_gold":19,"minecraft:iron_ingot":30,"galosphere:raw_silver":19,"minecraft:book":63,"biomesoplenty:toadstool":18,"mekanism:metallurgic_infuser":4,"duneons:dungeonscharredcobblestone":3,"minecraft:pumpkin":88,"mekanism:basic_chemical_tank":3,"tfmg:lignite":13,"minecraft:poisonous_potato":4,"minecraft:sand":34,"minecraft:birch_stairs":6,"sophisticatedbackpacks:iron_backpack":2,"minecraft:spruce_sapling":2,"minecraft:spruce_log":24,"minecraft:white_bed":3,"duneons:leaveswindswept":5,"mekanism:raw_osmium":27,"minecraft:mossy_cobblestone":1,"create:crimsite":1,"minecraft:purple_bed":1,"minecraft:diamond":4,"minecraft:granite":1,"minecraft:emerald":3,"minecraft:coal":351},"minecraft:killed_by":{"minecraft:wolf":5},"minecraft:killed":{"minecraft:spider":2,"minecraft:skeleton":7,"mekanismadditions:baby_skeleton":3,"realmrpg_demons:chort":6,"minecraft:silverfish":4,"minecraft:wolf":7,"minecraft:husk":1,"duneons:mountaineer":3,"minecraft:sheep":4,"minecraft:goat":1,"minecraft:zombie":7,"minecraft:cow":24},"minecraft:custom":{"minecraft:mob_kills":72,"minecraft:animals_bred":2,"minecraft:interact_with_crafting_table":66,"minecraft:open_barrel":6,"minecraft:bell_ring":1,"minecraft:leave_game":10,"minecraft:time_since_death":65770,"minecraft:climb_one_cm":608,"minecraft:sprint_one_cm":459079,"minecraft:walk_one_cm":1039204,"minecraft:damage_blocked_by_shield":3645,"minecraft:drop":87,"minecraft:talked_to_villager":7,"minecraft:play_time":371441,"minecraft:deaths":5,"minecraft:sneak_time":43099,"minecraft:walk_under_water_one_cm":38108,"minecraft:jump":4594,"minecraft:walk_on_water_one_cm":33247,"minecraft:total_world_time":371441,"minecraft:interact_with_furnace":137,"minecraft:traded_with_villager":6,"minecraft:interact_with_loom":1,"minecraft:sleep_in_bed":20,"minecraft:time_since_rest":590,"minecraft:damage_taken":4347,"minecraft:damage_dealt":12390,"minecraft:swim_one_cm":17939,"minecraft:fly_one_cm":512113,"minecraft:open_chest":172,"minecraft:crouch_one_cm":89068,"minecraft:fall_one_cm":116113},"minecraft:used":{"minecraft:iron_bars":13,"minecraft:iron_shovel":705,"minecraft:spruce_planks":48,"minecraft:shield":37,"minecraft:chest":10,"minecraft:torch":151,"minecraft:dirt":466,"minecraft:carrot":3,"minecraft:tuff":1,"minecraft:birch_door":3,"minecraft:lava_bucket":1,"mekanismgenerators:heat_generator":1,"minecraft:iron_axe":492,"duneons:dungeonscharredcobblestone":2,"duneons:goatgear_helmet":1,"minecraft:furnace":11,"minecraft:potato":49,"minecraft:cooked_beef":15,"minecraft:cobbled_deepslate":30,"minecraft:iron_leggings":1,"duneons:leaveswindswept":5,"minecraft:wheat_seeds":14,"minecraft:water_bucket":2,"minecraft:birch_planks":148,"minecraft:stone_pickaxe":171,"minecraft:baked_potato":10,"minecraft:wooden_pickaxe":266,"minecraft:blue_bed":7,"minecraft:crafting_table":22,"alexscaves:cave_book":2,"minecraft:white_bed":3,"duneons:goldchain":11,"minecraft:spruce_log":3,"duneons:outposttent":1,"mekanism:basic_chemical_tank":2,"sophisticatedbackpacks:backpack":2,"mekanism:metallurgic_infuser":5,"minecraft:iron_pickaxe":630,"minecraft:bread":39,"create:asurine":2,"minecraft:lilac":2,"minecraft:stone_axe":135,"minecraft:cobblestone":56,"minecraft:bucket":3,"minecraft:andesite":1,"minecraft:glass_pane":49,"alexsmobs:animal_dictionary":1,"minecraft:coarse_dirt":1,"minecraft:bone_meal":51,"minecraft:birch_stairs":46},"minecraft:mined":{"create:zinc_ore":68,"create:deepslate_zinc_ore":30,"minecraft:tuff":2,"minecraft:spruce_planks":2,"minecraft:white_bed":3,"minecraft:mossy_cobblestone":1,"duneons:ruingolem_4":1,"minecraft:deepslate_diamond_ore":4,"duneons:golemruin_2":1,"tfmg:lignite":13,"mekanism:deepslate_osmium_ore":7,"duneons:charredstone":3,"biomesoplenty:umbran_planks":2,"minecraft:spruce_trapdoor":1,"minecraft:granite":1,"minecraft:grass_block":621,"mekanism:basic_chemical_tank":2,"duneons:windorangebannerwood":2,"minecraft:spruce_leaves":6,"minecraft:large_fern":1,"minecraft:hay_block":7,"duneons:charredgrassblock":2,"minecraft:redstone_ore":3,"minecraft:furnace":11,"minecraft:carrots":1,"biomesoplenty:toadstool":1,"minecraft:iron_ore":137,"minecraft:cobbled_deepslate":22,"minecraft:andesite":3,"minecraft:pumpkin":88,"create:asurine":25,"minecraft:bookshelf":21,"minecraft:potatoes":48,"minecraft:dirt_path":26,"minecraft:deepslate_iron_ore":27,"minecraft:iron_bars":2,"biomesoplenty:barley":13,"duneons:highlandlog":6,"minecraft:bone_block":6,"minecraft:stone":166,"sophisticatedbackpacks:backpack":2,"duneons:vasehighland":1,"minecraft:podzol":4,"minecraft:deepslate_redstone_ore":16,"minecraft:birch_stairs":6,"mekanism:osmium_ore":20,"minecraft:glass_pane":1,"duneons:goldchain":11,"minecraft:crafting_table":20,"minecraft:torch":5,"minecraft:emerald_ore":3,"minecraft:chest":10,"duneons:outposttent":1,"mekanism:tin_ore":24,"galosphere:silver_ore":14,"mahoutsukai:mahoujin":1,"minecraft:copper_ore":9,"minecraft:tall_grass":1,"minecraft:cobblestone":20,"minecraft:lapis_ore":6,"biomesoplenty:sprout":1,"minecraft:deepslate_gold_ore":14,"mekanism:metallurgic_infuser":4,"minecraft:wall_torch":3,"minecraft:diorite":1,"minecraft:blue_bed":9,"minecraft:seagrass":1,"minecraft:birch_planks":23,"minecraft:purple_bed":1,"minecraft:coarse_dirt":2,"duneons:leaveswindswept":6,"biomesoplenty:yellow_autumn_leaves":8,"minecraft:birch_log":95,"minecraft:wheat":14,"minecraft:lilac":5,"duneons:windorangebannertop":1,"minecraft:spruce_log":25,"minecraft:birch_door":1,"duneons:highlandfern":1,"duneons:creeperwoodstallgrass":1,"mekanism:deepslate_tin_ore":16,"minecraft:grass":33,"minecraft:oak_log":21,"minecraft:coal_ore":284,"mekanism:lead_ore":4,"minecraft:sand":36,"minecraft:dirt":72,"minecraft:gold_ore":5,"create:crimsite":1,"minecraft:oak_leaves":2,"minecraft:deepslate":60,"minecraft:fern":25}},"DataVersion":3465}