{"stats":{"minecraft:used":{"minecraft:wheat_seeds":14,"minecraft:stone_pickaxe":171,"minecraft:wooden_pickaxe":266,"minecraft:blue_bed":3,"minecraft:torch":1,"minecraft:dirt":42,"minecraft:crafting_table":15,"minecraft:white_bed":3,"minecraft:spruce_log":3,"minecraft:iron_axe":43,"minecraft:bread":10,"minecraft:iron_pickaxe":49,"duneons:goatgear_helmet":1,"minecraft:lilac":2,"minecraft:stone_axe":135,"minecraft:cobblestone":16,"minecraft:furnace":5,"minecraft:andesite":1,"alexsmobs:animal_dictionary":1,"minecraft:cooked_beef":10,"minecraft:iron_leggings":1,"duneons:leaveswindswept":5},"minecraft:dropped":{"minecraft:stone_axe":1,"minecraft:wheat_seeds":24,"minecraft:cooked_beef":5,"minecraft:lilac":1,"minecraft:coarse_dirt":1,"alexsmobs:animal_dictionary":1,"minecraft:mossy_cobblestone":1,"minecraft:crafting_table":1,"minecraft:cooked_mutton":4,"minecraft:white_bed":1,"minecraft:pumpkin_seeds":3,"minecraft:dirt":5,"minecraft:chest":2,"minecraft:spruce_trapdoor":1,"minecraft:purple_bed":1,"minecraft:andesite":1,"galosphere:pink_salt_straw":1,"minecraft:stone_pickaxe":1,"minecraft:wooden_pickaxe":2,"minecraft:white_wool":1,"minecraft:spruce_sapling":2},"minecraft:picked_up":{"minecraft:coarse_dirt":2,"galosphere:pink_salt_straw":1,"minecraft:crafting_table":16,"minecraft:wheat":13,"minecraft:lilac":3,"minecraft:andesite":2,"minecraft:leather":30,"minecraft:wooden_pickaxe":2,"minecraft:oak_log":2,"minecraft:golden_boots":1,"minecraft:blue_bed":6,"minecraft:dirt":47,"duneons:goatgear_helmet":1,"minecraft:wheat_seeds":38,"minecraft:spruce_planks":10,"minecraft:beef":54,"minecraft:iron_ingot":30,"minecraft:chest":2,"minecraft:spruce_trapdoor":1,"minecraft:furnace":6,"minecraft:book":63,"duneons:highlandlog":6,"minecraft:raw_iron":99,"minecraft:pumpkin":7,"minecraft:torch":1,"minecraft:spruce_sapling":2,"minecraft:white_bed":3,"minecraft:spruce_log":24,"duneons:leaveswindswept":5,"minecraft:mossy_cobblestone":1,"mekanism:raw_osmium":4,"mekanism:raw_tin":3,"minecraft:purple_bed":1,"minecraft:hay_block":7,"minecraft:emerald":3,"minecraft:mutton":6,"minecraft:coal":331,"minecraft:white_wool":4,"minecraft:cobblestone":85},"minecraft:mined":{"minecraft:podzol":4,"mekanism:osmium_ore":4,"minecraft:white_bed":3,"minecraft:mossy_cobblestone":1,"minecraft:spruce_trapdoor":1,"minecraft:crafting_table":16,"minecraft:torch":1,"minecraft:emerald_ore":3,"minecraft:grass_block":8,"minecraft:chest":2,"mekanism:tin_ore":3,"minecraft:tall_grass":1,"minecraft:cobblestone":4,"minecraft:spruce_leaves":6,"biomesoplenty:sprout":1,"minecraft:blue_bed":6,"minecraft:hay_block":7,"minecraft:purple_bed":1,"minecraft:coarse_dirt":2,"minecraft:furnace":6,"duneons:leaveswindswept":6,"minecraft:iron_ore":99,"minecraft:wheat":14,"minecraft:lilac":5,"minecraft:spruce_log":25,"minecraft:andesite":2,"minecraft:pumpkin":7,"duneons:highlandfern":1,"duneons:creeperwoodstallgrass":1,"minecraft:bookshelf":21,"minecraft:grass":10,"minecraft:oak_log":2,"minecraft:coal_ore":267,"minecraft:dirt":35,"duneons:highlandlog":6,"minecraft:stone":82,"minecraft:oak_leaves":2},"minecraft:broken":{"minecraft:stone_pickaxe":1,"minecraft:wooden_pickaxe":1},"minecraft:crafted":{"minecraft:cooked_beef":20,"minecraft:oak_planks":8,"minecraft:emerald":6,"minecraft:crafting_table":2,"minecraft:spruce_planks":14,"minecraft:wooden_pickaxe":1,"minecraft:furnace":1,"minecraft:stone_axe":3,"minecraft:bread":26,"minecraft:cooked_mutton":4,"minecraft:air":269,"duneons:outpostwood_planks":6,"minecraft:iron_chestplate":1,"minecraft:iron_ingot":10,"minecraft:shield":1,"minecraft:iron_axe":1,"minecraft:iron_pickaxe":1,"minecraft:stick":28,"minecraft:stone_pickaxe":2,"minecraft:iron_leggings":1,"minecraft:white_bed":1,"minecraft:torch":15,"minecraft:wheat":7},"minecraft:custom":{"minecraft:interact_with_furnace":29,"minecraft:mob_kills":34,"minecraft:traded_with_villager":6,"minecraft:interact_with_crafting_table":18,"minecraft:open_barrel":4,"minecraft:bell_ring":1,"minecraft:leave_game":8,"minecraft:time_since_death":109846,"minecraft:sleep_in_bed":4,"minecraft:time_since_rest":3158,"minecraft:sprint_one_cm":162854,"minecraft:damage_taken":1135,"minecraft:walk_one_cm":261783,"minecraft:drop":31,"minecraft:damage_dealt":3427,"minecraft:talked_to_villager":7,"minecraft:swim_one_cm":8348,"minecraft:fly_one_cm":163007,"minecraft:open_chest":13,"minecraft:crouch_one_cm":60199,"minecraft:play_time":109846,"minecraft:sneak_time":31954,"minecraft:walk_under_water_one_cm":24452,"minecraft:jump":1950,"minecraft:walk_on_water_one_cm":9270,"minecraft:total_world_time":109846,"minecraft:fall_one_cm":53107},"minecraft:killed":{"minecraft:sheep":4,"minecraft:goat":1,"realmrpg_demons:chort":1,"minecraft:silverfish":4,"minecraft:cow":24}},"DataVersion":3465}