{"stats":{"minecraft:used":{"minecraft:stone_axe":1,"minecraft:dirt":2,"minecraft:crafting_table":1,"minecraft:wooden_pickaxe":11},"minecraft:dropped":{"alexsmobs:animal_dictionary":1},"minecraft:picked_up":{"minecraft:crafting_table":1,"biomesoplenty:dead_log":3,"minecraft:oak_log":1,"biomesoplenty:umbran_log":2,"minecraft:dirt":7,"alexsmobs:animal_dictionary":1,"minecraft:cobblestone":11},"minecraft:mined":{"biomesoplenty:dead_log":3,"minecraft:grass_block":3,"minecraft:oak_log":1,"minecraft:dirt":4,"minecraft:stone":11,"biomesoplenty:umbran_log":2,"minecraft:oak_leaves":4,"minecraft:crafting_table":1},"minecraft:crafted":{"minecraft:stone_sword":1,"biomesoplenty:umbran_planks":2,"biomesoplenty:dead_planks":3,"minecraft:stone_axe":1,"minecraft:crafting_table":1,"minecraft:stick":2,"minecraft:stone_pickaxe":1,"minecraft:air":31,"minecraft:wooden_pickaxe":1},"minecraft:custom":{"minecraft:time_since_rest":6837,"minecraft:crouch_one_cm":7732,"minecraft:play_time":6837,"minecraft:sprint_one_cm":14934,"minecraft:damage_taken":70,"minecraft:walk_one_cm":11925,"minecraft:sneak_time":3615,"minecraft:drop":1,"minecraft:jump":131,"minecraft:leave_game":3,"minecraft:time_since_death":6837,"minecraft:walk_on_water_one_cm":114,"minecraft:interact_with_crafting_table":4,"minecraft:total_world_time":6837,"minecraft:fly_one_cm":13923,"minecraft:fall_one_cm":209}},"DataVersion":3465}