{"stats":{"minecraft:killed_by":{"minecraft:zombie":1,"alexsmobs:grizzly_bear":1},"minecraft:used":{"minecraft:rose_bush":1,"minecraft:stone_sword":65,"minecraft:iron_shovel":5,"minecraft:chest":2,"minecraft:shield":14,"minecraft:iron_sword":49,"minecraft:cooked_chicken":7,"minecraft:stone_hoe":20,"minecraft:torch":12,"minecraft:dirt":72,"minecraft:granite":4,"minecraft:wooden_axe":29,"alexsmobs:maggot":1,"minecraft:furnace":6,"minecraft:cooked_beef":11,"minecraft:cooked_mutton":3,"minecraft:wheat_seeds":14,"minecraft:water_bucket":18,"minecraft:stone_pickaxe":263,"galosphere:pastel_pink_salt":2,"minecraft:wooden_pickaxe":22,"biomesoplenty:webbing":1,"minecraft:crafting_table":11,"minecraft:white_bed":4,"biomesoplenty:umbran_door":2,"minecraft:bread":2,"minecraft:iron_pickaxe":198,"minecraft:spruce_sapling":2,"minecraft:cobblestone":66,"minecraft:cooked_porkchop":2,"minecraft:bucket":19,"biomesoplenty:umbran_boat":4,"alexsmobs:animal_dictionary":3,"minecraft:coarse_dirt":9,"minecraft:bone_meal":9},"minecraft:dropped":{"minecraft:iron_ingot":30,"minecraft:cooked_beef":1,"biomesoplenty:toadstool":16,"minecraft:rotten_flesh":4,"minecraft:poppy":2,"biomesoplenty:webbing":3},"minecraft:picked_up":{"minecraft:crafting_table":5,"minecraft:coarse_dirt":10,"galosphere:pink_salt_straw":86,"minecraft:wheat":7,"minecraft:chicken":7,"minecraft:brown_mushroom":8,"minecraft:wither_rose":3,"minecraft:raw_copper":17,"biomesoplenty:umbran_boat":4,"minecraft:beef":10,"minecraft:rose_bush":2,"minecraft:poppy":2,"alexsmobs:raccoon_tail":1,"minecraft:furnace":3,"minecraft:stick":2,"minecraft:raw_iron":140,"minecraft:torch":5,"minecraft:porkchop":8,"galosphere:rose_pink_salt":6,"galosphere:pink_salt":3,"minecraft:rotten_flesh":4,"minecraft:mutton":5,"minecraft:white_wool":12,"galosphere:pastel_pink_salt":3,"minecraft:bone_block":1,"minecraft:cobblestone":109,"minecraft:feather":9,"minecraft:cooked_beef":5,"minecraft:andesite":1,"minecraft:leather":6,"biomesoplenty:umbran_door":1,"minecraft:dirt":76,"minecraft:bone":2,"galosphere:pink_salt_shard":8,"minecraft:wheat_seeds":23,"biomesoplenty:webbing":4,"biomesoplenty:umbran_log":19,"biomesoplenty:toadstool":16,"minecraft:pumpkin":4,"minecraft:gravel":4,"minecraft:spruce_sapling":2,"minecraft:white_bed":2,"minecraft:spruce_log":12,"mekanism:raw_osmium":17,"minecraft:mossy_cobblestone":5,"minecraft:granite":4,"minecraft:emerald":17,"alexsmobs:maggot":1,"minecraft:coal":217},"minecraft:mined":{"minecraft:white_bed":2,"minecraft:farmland":1,"minecraft:mossy_cobblestone":5,"galosphere:pastel_pink_salt":3,"minecraft:granite":4,"minecraft:grass_block":11,"minecraft:spruce_leaves":1,"minecraft:large_fern":1,"galosphere:pink_salt":3,"minecraft:furnace":3,"biomesoplenty:toadstool":23,"minecraft:iron_ore":140,"galosphere:pink_salt_straw":25,"minecraft:pumpkin":4,"biomesoplenty:webbing":4,"galosphere:pink_salt_cluster":2,"galosphere:rose_pink_salt":6,"minecraft:stone":95,"minecraft:bone_block":1,"biomesoplenty:umbran_door":1,"minecraft:podzol":1,"mekanism:osmium_ore":17,"minecraft:brown_mushroom":8,"minecraft:crafting_table":4,"minecraft:torch":3,"minecraft:emerald_ore":17,"minecraft:poppy":1,"minecraft:dead_bush":1,"minecraft:rose_bush":3,"minecraft:tall_grass":2,"minecraft:copper_ore":5,"minecraft:cobblestone":9,"biomesoplenty:sprout":21,"minecraft:wall_torch":1,"minecraft:coarse_dirt":9,"minecraft:wheat":3,"minecraft:spruce_log":13,"biomesoplenty:umbran_log":19,"minecraft:wither_rose":3,"minecraft:grass":103,"minecraft:coal_ore":135,"minecraft:gravel":4,"minecraft:dirt":48,"biomesoplenty:stringy_cobweb":1,"minecraft:fern":6},"minecraft:broken":{"minecraft:stone_pickaxe":2},"minecraft:crafted":{"minecraft:cooked_chicken":7,"minecraft:furnace":3,"minecraft:bone_meal":3,"minecraft:cooked_mutton":3,"minecraft:iron_boots":1,"minecraft:stone_pickaxe":2,"minecraft:chest":2,"minecraft:stone_hoe":1,"minecraft:cooked_beef":7,"biomesoplenty:umbran_planks":19,"minecraft:cooked_porkchop":8,"minecraft:crafting_table":6,"minecraft:spruce_planks":12,"minecraft:wooden_pickaxe":1,"minecraft:iron_helmet":1,"minecraft:iron_sword":1,"biomesoplenty:umbran_door":3,"minecraft:bucket":1,"minecraft:bread":2,"minecraft:air":151,"minecraft:iron_chestplate":1,"minecraft:shield":1,"biomesoplenty:umbran_boat":1,"minecraft:stick":30,"minecraft:iron_ingot":110,"minecraft:iron_pickaxe":2,"minecraft:wooden_axe":1,"minecraft:stone_sword":1,"minecraft:iron_shovel":1,"minecraft:iron_leggings":1,"minecraft:white_bed":2,"minecraft:torch":40,"minecraft:shears":1},"minecraft:custom":{"minecraft:mob_kills":33,"minecraft:interact_with_crafting_table":73,"minecraft:leave_game":11,"minecraft:time_since_death":128575,"minecraft:sprint_one_cm":282171,"minecraft:walk_one_cm":801582,"minecraft:damage_blocked_by_shield":1365,"minecraft:drop":7,"minecraft:play_time":263419,"minecraft:deaths":2,"minecraft:sneak_time":32935,"minecraft:walk_under_water_one_cm":17151,"minecraft:boat_one_cm":3825,"minecraft:jump":5062,"minecraft:walk_on_water_one_cm":58566,"minecraft:total_world_time":263419,"minecraft:interact_with_furnace":62,"minecraft:sleep_in_bed":16,"minecraft:time_since_rest":8563,"minecraft:damage_taken":1772,"minecraft:damage_dealt":3855,"minecraft:swim_one_cm":6214,"minecraft:fly_one_cm":330700,"minecraft:open_chest":45,"minecraft:crouch_one_cm":119187,"minecraft:fall_one_cm":74589},"minecraft:killed":{"alexsmobs:raccoon":2,"minecraft:spider":1,"minecraft:skeleton":2,"mekanismadditions:baby_skeleton":1,"minecraft:chicken":7,"realmrpg_demons:chort":2,"minecraft:silverfish":1,"minecraft:husk":1,"minecraft:pig":3,"minecraft:sheep":4,"minecraft:zombie":2,"alexsmobs:fly":1,"minecraft:enderman":1,"minecraft:cow":5}},"DataVersion":3465}