{"stats":{"minecraft:crafted":{"minecraft:oak_planks":1,"minecraft:iron_nugget":18,"minecraft:cooked_chicken":7,"minecraft:furnace":3,"minecraft:bone_meal":3,"minecraft:cooked_mutton":8,"minecraft:iron_boots":1,"create:mechanical_press":1,"minecraft:stone_pickaxe":2,"minecraft:chest":4,"minecraft:stone_hoe":1,"create:cogwheel":1,"sophisticatedbackpacks:iron_backpack":1,"minecraft:cooked_beef":9,"biomesoplenty:umbran_planks":19,"create:andesite_alloy":7,"create:hand_crank":1,"sophisticatedbackpacks:backpack":2,"minecraft:cooked_porkchop":12,"minecraft:crafting_table":6,"minecraft:spruce_planks":12,"minecraft:wooden_pickaxe":1,"minecraft:iron_helmet":1,"minecraft:iron_sword":1,"biomesoplenty:umbran_door":3,"minecraft:birch_planks":7,"minecraft:bucket":1,"create:mechanical_mixer":1,"minecraft:bread":2,"minecraft:air":197,"create:whisk":1,"minecraft:iron_chestplate":1,"create:water_wheel":1,"minecraft:shield":1,"biomesoplenty:umbran_boat":3,"minecraft:stick":42,"minecraft:iron_ingot":128,"minecraft:iron_pickaxe":7,"minecraft:wooden_axe":1,"minecraft:iron_block":1,"minecraft:stone_sword":1,"minecraft:iron_shovel":1,"minecraft:iron_leggings":1,"minecraft:white_bed":2,"create:shaft":1,"minecraft:torch":40,"minecraft:shears":1},"minecraft:broken":{"minecraft:stone_pickaxe":2,"minecraft:iron_pickaxe":4},"minecraft:dropped":{"sophisticatedbackpacks:iron_backpack":2,"minecraft:water_bucket":1,"minecraft:iron_ingot":60,"duneons:powerfulbow":1,"minecraft:cooked_beef":1,"minecraft:mossy_cobblestone":1,"duneons:sandstonebrickcracked":2,"duneons:charredgrassblock":1,"mekanism:basic_chemical_tank":1,"galosphere:rose_pink_salt":6,"minecraft:dirt":20,"galosphere:pink_salt":3,"minecraft:paper":20,"minecraft:white_wool":1,"biomesoplenty:toadstool":17,"minecraft:coarse_dirt":1,"minecraft:rotten_flesh":4,"duneons:oakwoodbrew":1,"minecraft:oak_planks":4,"sophisticatedbackpacks:backpack":2,"minecraft:poppy":2,"minecraft:andesite":5,"galosphere:pink_salt_straw":22,"biomesoplenty:webbing":3},"minecraft:picked_up":{"minecraft:coarse_dirt":10,"galosphere:pink_salt_straw":86,"minecraft:crafting_table":5,"minecraft:wheat":7,"minecraft:chicken":7,"minecraft:brown_mushroom":8,"minecraft:wither_rose":3,"duneons:oakwoodbrew":1,"minecraft:string":40,"minecraft:raw_copper":51,"biomesoplenty:umbran_boat":11,"create:water_wheel":4,"create:mechanical_press":2,"minecraft:cobbled_deepslate":80,"minecraft:spruce_planks":10,"minecraft:beef":12,"minecraft:rose_bush":2,"minecraft:poppy":2,"alexsmobs:raccoon_tail":1,"minecraft:furnace":3,"minecraft:stick":2,"minecraft:raw_iron":140,"create:mechanical_mixer":1,"minecraft:torch":5,"create:andesite_casing":2,"biomesoplenty:umbran_planks":3,"sophisticatedbackpacks:backpack":1,"galosphere:rose_pink_salt":12,"minecraft:porkchop":26,"create:hand_crank":3,"minecraft:diorite":91,"minecraft:golden_chestplate":1,"mekanism:raw_tin":7,"minecraft:cauldron":1,"galosphere:pink_salt":3,"minecraft:rotten_flesh":5,"create:asurine":4,"duneons:vasehighland":1,"minecraft:birch_log":7,"create:iron_sheet":5,"minecraft:mutton":10,"minecraft:bone_block":1,"galosphere:pastel_pink_salt":3,"minecraft:white_wool":14,"minecraft:cobblestone":533,"minecraft:stripped_oak_log":1,"duneons:crystalblue":1,"minecraft:leather_chestplate":1,"minecraft:purple_dye":1,"minecraft:feather":9,"minecraft:cooked_beef":5,"minecraft:water_bucket":1,"mekanism:raw_lead":4,"minecraft:andesite":95,"minecraft:leather":7,"biomesoplenty:umbran_door":1,"create:raw_zinc":22,"minecraft:golden_boots":1,"minecraft:stripped_birch_log":3,"minecraft:dirt":101,"minecraft:leather_boots":1,"duneons:charredgrassblock":1,"minecraft:bone":2,"galosphere:pink_salt_shard":8,"minecraft:wheat_seeds":31,"biomesoplenty:webbing":4,"minecraft:cobweb":28,"minecraft:iron_ingot":52,"galosphere:raw_silver":11,"biomesoplenty:umbran_log":19,"duneons:sandstonebrickcracked":2,"minecraft:book":4,"biomesoplenty:toadstool":19,"minecraft:pumpkin":4,"mekanism:basic_chemical_tank":1,"minecraft:gravel":6,"duneons:powerfulbow":1,"sophisticatedbackpacks:iron_backpack":2,"minecraft:spruce_sapling":2,"minecraft:white_bed":5,"minecraft:spruce_log":12,"mekanism:raw_osmium":17,"minecraft:mossy_cobblestone":6,"duneons:ravager_gatewood":2,"duneons:spideregg":1,"minecraft:granite":36,"minecraft:emerald":17,"alexsmobs:maggot":1,"minecraft:coal":217},"minecraft:killed_by":{"minecraft:wolf":2,"minecraft:zombie":2,"alexsmobs:grizzly_bear":1},"minecraft:killed":{"minecraft:cave_spider":1,"alexsmobs:raccoon":2,"minecraft:spider":1,"minecraft:skeleton":2,"mekanismadditions:baby_skeleton":1,"minecraft:chicken":7,"realmrpg_demons:chort":2,"minecraft:silverfish":1,"minecraft:wolf":2,"minecraft:husk":6,"minecraft:pig":11,"minecraft:sheep":7,"alexsmobs:cockroach":1,"minecraft:zombie":3,"alexsmobs:fly":1,"minecraft:cow":6,"minecraft:enderman":1},"minecraft:custom":{"minecraft:mob_kills":56,"minecraft:interact_with_crafting_table":121,"minecraft:open_barrel":2,"minecraft:leave_game":13,"minecraft:time_since_death":44567,"minecraft:climb_one_cm":48,"minecraft:sprint_one_cm":623722,"minecraft:walk_one_cm":1324457,"minecraft:damage_blocked_by_shield":1365,"minecraft:drop":38,"minecraft:play_time":440198,"minecraft:deaths":5,"minecraft:sneak_time":47637,"minecraft:walk_under_water_one_cm":42476,"minecraft:boat_one_cm":45945,"minecraft:jump":7448,"minecraft:walk_on_water_one_cm":128001,"minecraft:total_world_time":440198,"minecraft:interact_with_furnace":86,"minecraft:sleep_in_bed":25,"minecraft:time_since_rest":13715,"minecraft:damage_taken":3343,"minecraft:damage_dealt":8985,"minecraft:swim_one_cm":57002,"minecraft:fly_one_cm":668678,"minecraft:open_chest":139,"minecraft:crouch_one_cm":166283,"minecraft:fall_one_cm":110404},"minecraft:used":{"minecraft:rose_bush":1,"minecraft:stone_sword":65,"minecraft:iron_shovel":28,"minecraft:spruce_planks":4,"minecraft:chest":2,"minecraft:shield":14,"minecraft:iron_sword":163,"duneons:ravager_gatewood":1,"minecraft:cooked_chicken":7,"minecraft:stone_hoe":24,"minecraft:torch":21,"minecraft:dirt":80,"create:mechanical_mixer":1,"minecraft:carrot":29,"minecraft:granite":4,"alexsmobs:maggot":1,"duneons:vasehighland":1,"minecraft:wooden_axe":61,"minecraft:melon_seeds":3,"create:shaft":1,"minecraft:furnace":6,"minecraft:cooked_beef":13,"minecraft:cooked_mutton":3,"minecraft:wheat_seeds":14,"minecraft:water_bucket":22,"minecraft:stripped_birch_log":2,"minecraft:stone_pickaxe":263,"galosphere:pastel_pink_salt":2,"minecraft:wooden_pickaxe":22,"biomesoplenty:webbing":1,"minecraft:crafting_table":11,"minecraft:white_bed":7,"biomesoplenty:umbran_door":2,"minecraft:shears":31,"biomesoplenty:umbran_planks":3,"minecraft:apple":2,"create:mechanical_press":2,"minecraft:bread":2,"minecraft:iron_pickaxe":1003,"create:water_wheel":5,"minecraft:spruce_sapling":2,"minecraft:cobblestone":203,"minecraft:cooked_porkchop":12,"minecraft:bucket":23,"create:hand_crank":3,"biomesoplenty:umbran_boat":13,"alexsmobs:animal_dictionary":3,"minecraft:coarse_dirt":9,"minecraft:bone_meal":9},"minecraft:mined":{"create:zinc_ore":22,"minecraft:spruce_planks":10,"minecraft:white_bed":5,"minecraft:farmland":1,"minecraft:mossy_cobblestone":6,"galosphere:pastel_pink_salt":3,"create:andesite_casing":2,"duneons:spideregg":1,"minecraft:stripped_birch_log":3,"minecraft:granite":36,"biomesoplenty:umbran_planks":3,"minecraft:grass_block":13,"duneons:highlandgrass":1,"minecraft:spruce_leaves":6,"minecraft:large_fern":1,"galosphere:pink_salt":3,"duneons:charredgrassblock":1,"minecraft:furnace":3,"biomesoplenty:toadstool":24,"minecraft:cobbled_deepslate":3,"minecraft:iron_ore":140,"galosphere:pink_salt_straw":25,"minecraft:andesite":99,"minecraft:pumpkin":4,"create:asurine":1,"biomesoplenty:webbing":4,"galosphere:pink_salt_cluster":2,"duneons:ravager_gatewood":1,"galosphere:rose_pink_salt":6,"minecraft:stone":436,"minecraft:bone_block":1,"create:mechanical_press":2,"biomesoplenty:umbran_door":1,"minecraft:podzol":1,"mekanism:osmium_ore":17,"minecraft:brown_mushroom":8,"minecraft:crafting_table":4,"minecraft:torch":3,"minecraft:emerald_ore":17,"minecraft:poppy":1,"duneons:sandstonebrickcracked":2,"minecraft:dead_bush":1,"minecraft:rose_bush":3,"mekanism:tin_ore":7,"create:water_wheel":4,"galosphere:silver_ore":11,"minecraft:tall_grass":2,"minecraft:copper_ore":13,"minecraft:cobblestone":95,"duneons:azure_crystal":1,"biomesoplenty:sprout":21,"minecraft:diorite":91,"minecraft:wall_torch":1,"minecraft:cauldron":1,"minecraft:seagrass":2,"minecraft:birch_planks":1,"minecraft:coarse_dirt":9,"minecraft:birch_log":7,"biomesoplenty:yellow_autumn_leaves":2,"minecraft:wheat":3,"create:mechanical_mixer":1,"minecraft:spruce_log":14,"biomesoplenty:umbran_log":19,"minecraft:wither_rose":3,"minecraft:grass":105,"minecraft:coal_ore":135,"mekanism:lead_ore":4,"create:hand_crank":2,"minecraft:gravel":6,"minecraft:dirt":71,"biomesoplenty:stringy_cobweb":1,"minecraft:cobweb":29,"minecraft:deepslate":79,"minecraft:fern":11}},"DataVersion":3465}