{"stats":{"minecraft:crafted":{"mekanism:ingot_osmium":14,"mekanism:ingot_uranium":1,"minecraft:cooked_mutton":7,"minecraft:iron_boots":1,"minecraft:iron_axe":1,"minecraft:stone_pickaxe":1,"minecraft:chest":1,"galosphere:silver_ingot":8,"minecraft:oak_button":1,"minecraft:spruce_boat":2,"minecraft:birch_button":4,"minecraft:cooked_beef":8,"minecraft:arrow":6,"minecraft:cooked_porkchop":13,"minecraft:crafting_table":2,"minecraft:spruce_planks":41,"minecraft:wooden_pickaxe":1,"minecraft:iron_helmet":1,"minecraft:iron_sword":3,"minecraft:bucket":1,"minecraft:birch_planks":72,"minecraft:stone_axe":1,"mekanism:ingot_lead":4,"minecraft:air":872,"minecraft:shield":1,"minecraft:stick":54,"minecraft:iron_ingot":53,"minecraft:iron_pickaxe":5,"minecraft:stone_sword":1,"minecraft:iron_shovel":3,"minecraft:iron_leggings":1,"minecraft:gold_ingot":4,"minecraft:white_bed":1,"minecraft:torch":130,"create:zinc_ingot":35},"minecraft:broken":{"minecraft:iron_shovel":2},"minecraft:dropped":{"sophisticatedbackpacks:iron_backpack":3,"minecraft:iron_ingot":27,"minecraft:wheat_seeds":1,"duneons:powerfulbow":3,"minecraft:cooked_beef":5,"minecraft:oak_log":4,"duneons:burstgale":1,"biomesoplenty:umbran_door":2,"minecraft:cobblestone":19,"minecraft:apple":1,"minecraft:coal":2,"minecraft:dirt":24,"galosphere:raw_silver":7,"minecraft:rose_bush":1,"minecraft:jack_o_lantern":1,"duneons:goatgear_helmet":2,"minecraft:wither_rose":3,"minecraft:iron_shovel":1,"minecraft:string":4,"alexsmobs:raccoon_tail":1,"minecraft:spruce_sapling":12,"biomesoplenty:toadstool":3,"minecraft:stone_axe":1,"minecraft:stone_sword":1,"alexsmobs:animal_dictionary":1,"minecraft:rotten_flesh":5,"duneons:highlandfern":2,"sophisticatedbackpacks:backpack":2,"create:asurine":1,"minecraft:white_bed":1,"duneons:highlandberries":6,"minecraft:andesite":4,"minecraft:oak_sapling":1,"minecraft:carved_pumpkin":1,"minecraft:spider_eye":1,"duneons:sanctumstone":1,"minecraft:wooden_pickaxe":3,"minecraft:stone_pickaxe":1,"duneons:sanctumstonepatternedgilded":1,"biomesoplenty:webbing":3},"minecraft:picked_up":{"duneons:highlandberries":6,"minecraft:crafting_table":3,"minecraft:wheat":3,"mekanism:raw_uranium":1,"duneons:sanctumstone":2,"minecraft:wooden_pickaxe":2,"minecraft:wither_rose":3,"minecraft:string":143,"biomesoplenty:yellow_autumn_sapling":2,"duneons:goatgear_helmet":2,"minecraft:iron_shovel":1,"tfmg:bauxite":1,"biomesoplenty:umbran_boat":2,"minecraft:cobbled_deepslate":28,"minecraft:rose_bush":1,"alexsmobs:raccoon_tail":1,"minecraft:chest":1,"minecraft:furnace":1,"minecraft:stick":5,"minecraft:raw_iron":88,"minecraft:oak_fence":4,"minecraft:torch":14,"sophisticatedbackpacks:backpack":3,"minecraft:arrow":2,"minecraft:rotten_flesh":11,"minecraft:carved_pumpkin":1,"create:asurine":1,"alexsmobs:ghostly_pickaxe":1,"minecraft:mutton":5,"minecraft:rail":7,"minecraft:white_wool":5,"minecraft:cobblestone":148,"minecraft:birch_log":47,"minecraft:feather":9,"minecraft:cooked_beef":12,"duneons:sanctumstonepatternedgilded":1,"minecraft:andesite":8,"duneons:burstgale":1,"biomesoplenty:umbran_door":2,"minecraft:flint":6,"minecraft:tuff":1,"create:raw_zinc":12,"minecraft:oak_log":7,"minecraft:gunpowder":2,"minecraft:lapis_lazuli":65,"minecraft:dirt":569,"minecraft:cooked_mutton":7,"minecraft:bone":2,"minecraft:apple":1,"minecraft:wheat_seeds":18,"biomesoplenty:webbing":6,"minecraft:raw_gold":4,"minecraft:iron_ingot":26,"galosphere:raw_silver":7,"duneons:sandstonebrickcracked":6,"minecraft:oak_planks":9,"biomesoplenty:toadstool":4,"duneons:keydiamond":1,"duneons:dungeonscharredcobblestone":1,"minecraft:pumpkin":3,"duneons:highlandfern":2,"minecraft:gravel":142,"duneons:powerfulbow":3,"minecraft:sand":1,"sophisticatedbackpacks:iron_backpack":4,"minecraft:spruce_sapling":19,"minecraft:white_bed":11,"minecraft:spruce_log":41,"mekanism:raw_osmium":14,"minecraft:spider_eye":4,"alexsmobs:animal_dictionary":1,"minecraft:diamond":1,"minecraft:granite":1,"minecraft:emerald":4,"duneons:keygold":1,"minecraft:jack_o_lantern":1,"minecraft:oak_sapling":2,"minecraft:coal":290,"minecraft:ender_pearl":1},"minecraft:killed_by":{"alexsmobs:grizzly_bear":2,"duneons:mountaineer":1},"minecraft:killed":{"minecraft:cave_spider":5,"duneons:babykeyblue":1,"minecraft:skeleton":2,"mekanismadditions:baby_skeleton":1,"realmrpg_demons:chort":8,"alexsmobs:underminer":1,"minecraft:drowned":1,"alexsmobs:skunk":1,"minecraft:creeper":2,"duneons:mountaineer":1,"minecraft:sheep":3,"minecraft:pillager":1,"minecraft:zombie":8,"alexsmobs:fly":1},"minecraft:custom":{"minecraft:mob_kills":37,"minecraft:interact_with_crafting_table":29,"minecraft:open_barrel":3,"minecraft:leave_game":7,"minecraft:time_since_death":55907,"minecraft:climb_one_cm":535,"minecraft:sprint_one_cm":398709,"minecraft:walk_one_cm":852647,"minecraft:damage_blocked_by_shield":2230,"minecraft:drop":51,"minecraft:play_time":189489,"minecraft:sneak_time":15484,"minecraft:deaths":4,"minecraft:walk_under_water_one_cm":9448,"minecraft:boat_one_cm":8550,"minecraft:jump":3787,"minecraft:walk_on_water_one_cm":28231,"minecraft:total_world_time":189489,"minecraft:interact_with_furnace":49,"minecraft:interact_with_loom":1,"minecraft:sleep_in_bed":6,"minecraft:time_since_rest":25746,"minecraft:damage_taken":3057,"minecraft:damage_dealt":5396,"minecraft:player_kills":2,"minecraft:swim_one_cm":51030,"minecraft:fly_one_cm":397905,"minecraft:open_chest":77,"minecraft:crouch_one_cm":61002,"minecraft:fall_one_cm":71555},"minecraft:used":{"minecraft:stone_sword":9,"minecraft:iron_shovel":648,"duneons:windhole":1,"minecraft:chest":1,"minecraft:spruce_planks":11,"minecraft:shield":32,"minecraft:iron_sword":239,"minecraft:torch":499,"minecraft:dirt":517,"minecraft:tuff":1,"minecraft:iron_axe":100,"duneons:crystalblue":1,"minecraft:iron_boots":1,"alexsmobs:ghostly_pickaxe":6,"minecraft:birch_button":4,"minecraft:cooked_beef":5,"minecraft:iron_leggings":1,"minecraft:cooked_mutton":11,"minecraft:water_bucket":2,"minecraft:oak_planks":1,"minecraft:stone_pickaxe":86,"minecraft:wooden_pickaxe":12,"minecraft:sand":1,"minecraft:crafting_table":3,"minecraft:white_bed":10,"minecraft:apple":1,"minecraft:iron_pickaxe":458,"minecraft:oak_button":1,"minecraft:gravel":137,"minecraft:stone_axe":52,"minecraft:cobblestone":70,"minecraft:cooked_porkchop":5,"minecraft:bucket":3,"biomesoplenty:umbran_boat":1,"duneons:highlandberries":31},"minecraft:mined":{"create:zinc_ore":2,"biomesoplenty:orange_autumn_leaves":1,"create:deepslate_zinc_ore":10,"minecraft:tuff":1,"minecraft:white_bed":10,"minecraft:deepslate_diamond_ore":1,"minecraft:jack_o_lantern":1,"minecraft:carved_pumpkin":1,"duneons:charredstone":1,"minecraft:granite":1,"minecraft:grass_block":413,"duneons:highlandtallgrass":2,"minecraft:spruce_leaves":3,"minecraft:furnace":1,"buildersaddition:gravel_path":11,"biomesoplenty:toadstool":2,"minecraft:iron_ore":91,"minecraft:andesite":4,"minecraft:pumpkin":3,"minecraft:deepslate_lapis_ore":4,"minecraft:rail":1,"create:asurine":1,"minecraft:bookshelf":2,"minecraft:deepslate_iron_ore":2,"minecraft:stripped_oak_log":1,"biomesoplenty:barley":1,"biomesoplenty:spider_egg":1,"minecraft:stone":128,"mekanism:osmium_ore":14,"tfmg:bauxite":1,"galosphere:deepslate_silver_ore":7,"minecraft:oak_fence":4,"minecraft:crafting_table":3,"minecraft:torch":6,"minecraft:emerald_ore":4,"duneons:sandstonebrickcracked":6,"minecraft:chest":1,"duneons:crystalblue":1,"minecraft:cobblestone":7,"minecraft:deepslate_coal_ore":4,"biomesoplenty:sprout":1,"minecraft:deepslate_gold_ore":3,"minecraft:lapis_ore":6,"minecraft:oak_planks":7,"minecraft:wall_torch":3,"biomesoplenty:yellow_autumn_leaves":1,"minecraft:birch_log":49,"minecraft:spruce_log":41,"duneons:highlandfern":2,"minecraft:grass":18,"minecraft:oak_log":7,"minecraft:coal_ore":204,"duneons:sanctumstone":3,"minecraft:gravel":137,"minecraft:dirt":130,"biomesoplenty:stringy_cobweb":2,"minecraft:cobweb":153,"mekanism:deepslate_uranium_ore":1,"minecraft:gold_ore":1,"minecraft:oak_leaves":17,"minecraft:deepslate":28,"minecraft:fern":11}},"DataVersion":3465}