{"stats":{"minecraft:killed_by":{"alexsmobs:grizzly_bear":1,"duneons:mountaineer":1},"minecraft:dropped":{"biomesoplenty:toadstool":3,"minecraft:stone_axe":1,"minecraft:cooked_beef":5,"minecraft:stone_sword":1,"duneons:highlandfern":2,"minecraft:white_bed":1,"minecraft:coal":2,"duneons:highlandberries":6,"duneons:goatgear_helmet":2,"minecraft:wooden_pickaxe":2,"minecraft:stone_pickaxe":1},"minecraft:custom":{"minecraft:interact_with_furnace":8,"minecraft:mob_kills":5,"minecraft:interact_with_crafting_table":8,"minecraft:leave_game":4,"minecraft:time_since_death":24136,"minecraft:sleep_in_bed":2,"minecraft:time_since_rest":8064,"minecraft:sprint_one_cm":114520,"minecraft:damage_taken":1479,"minecraft:walk_one_cm":220671,"minecraft:drop":13,"minecraft:damage_dealt":517,"minecraft:swim_one_cm":36585,"minecraft:fly_one_cm":176421,"minecraft:open_chest":19,"minecraft:crouch_one_cm":18042,"minecraft:play_time":60827,"minecraft:deaths":3,"minecraft:sneak_time":5046,"minecraft:walk_under_water_one_cm":3495,"minecraft:jump":1583,"minecraft:walk_on_water_one_cm":5684,"minecraft:total_world_time":60827,"minecraft:fall_one_cm":36510},"minecraft:picked_up":{"duneons:highlandberries":6,"minecraft:cooked_beef":5,"minecraft:andesite":4,"duneons:sanctumstone":1,"minecraft:wooden_pickaxe":1,"minecraft:oak_log":4,"minecraft:dirt":25,"minecraft:string":2,"duneons:goatgear_helmet":1,"minecraft:cooked_mutton":4,"biomesoplenty:webbing":3,"biomesoplenty:toadstool":3,"minecraft:stick":1,"minecraft:raw_iron":47,"minecraft:torch":2,"minecraft:gravel":16,"duneons:highlandfern":2,"minecraft:spruce_sapling":7,"minecraft:white_bed":3,"minecraft:spruce_log":41,"mekanism:raw_osmium":14,"minecraft:spider_eye":1,"minecraft:rotten_flesh":5,"minecraft:emerald":4,"minecraft:oak_sapling":1,"minecraft:coal":161,"minecraft:cobblestone":49},"minecraft:crafted":{"minecraft:cooked_beef":5,"minecraft:spruce_planks":41,"minecraft:wooden_pickaxe":1,"minecraft:iron_sword":1,"minecraft:bucket":1,"minecraft:stone_axe":1,"minecraft:cooked_mutton":2,"minecraft:air":210,"minecraft:shield":1,"minecraft:iron_axe":1,"minecraft:stick":8,"minecraft:iron_ingot":53,"minecraft:iron_pickaxe":3,"minecraft:stone_pickaxe":1,"minecraft:stone_sword":1,"minecraft:torch":5},"minecraft:used":{"minecraft:stone_sword":9,"minecraft:stone_pickaxe":86,"duneons:windhole":1,"minecraft:spruce_planks":11,"minecraft:wooden_pickaxe":12,"minecraft:iron_sword":3,"minecraft:torch":4,"minecraft:dirt":15,"minecraft:white_bed":2,"minecraft:iron_axe":3,"minecraft:iron_pickaxe":204,"minecraft:gravel":5,"minecraft:stone_axe":52,"minecraft:cooked_beef":5,"duneons:highlandberries":12},"minecraft:mined":{"mekanism:osmium_ore":14,"minecraft:white_bed":2,"minecraft:torch":1,"minecraft:emerald_ore":4,"minecraft:grass_block":14,"duneons:highlandtallgrass":2,"minecraft:cobblestone":2,"minecraft:deepslate_coal_ore":4,"minecraft:spruce_leaves":3,"biomesoplenty:sprout":1,"minecraft:wall_torch":1,"biomesoplenty:toadstool":2,"minecraft:birch_log":1,"minecraft:iron_ore":47,"minecraft:spruce_log":41,"minecraft:andesite":4,"duneons:highlandfern":2,"minecraft:grass":2,"minecraft:oak_log":4,"minecraft:coal_ore":157,"duneons:sanctumstone":3,"minecraft:gravel":16,"minecraft:dirt":11,"biomesoplenty:stringy_cobweb":2,"biomesoplenty:spider_egg":1,"minecraft:stone":48,"minecraft:oak_leaves":15},"minecraft:killed":{"minecraft:cave_spider":1,"duneons:mountaineer":1,"minecraft:pillager":1,"minecraft:zombie":1,"alexsmobs:fly":1}},"DataVersion":3465}