{"stats":{"minecraft:killed_by":{"alexsmobs:crocodile":1},"minecraft:used":{"minecraft:rose_bush":2,"minecraft:stone_sword":127,"minecraft:stone_pickaxe":35,"minecraft:oak_planks":1,"minecraft:spruce_planks":1,"minecraft:wooden_pickaxe":22,"minecraft:crafting_table":5,"minecraft:wooden_axe":27,"alexsmobs:maggot":2,"minecraft:bread":14,"minecraft:cobblestone":3,"alexsmobs:animal_dictionary":2},"minecraft:dropped":{"alexsmobs:maggot":2,"minecraft:brown_mushroom":36,"minecraft:lilac":12,"minecraft:mossy_cobblestone":2,"minecraft:oak_planks":32,"duneons:dungeonscharreddirt":1,"minecraft:azure_bluet":1,"minecraft:lily_of_the_valley":1,"minecraft:poppy":8,"minecraft:dirt":1,"minecraft:spruce_planks":84,"minecraft:wooden_axe":1,"minecraft:rose_bush":10,"duneons:mossstoneblock":6,"minecraft:oak_sapling":2,"minecraft:wooden_sword":1,"minecraft:spruce_log":1,"minecraft:sunflower":2,"minecraft:wooden_pickaxe":1,"minecraft:spruce_sapling":1,"minecraft:dandelion":1},"minecraft:picked_up":{"duneons:dungeonscharreddirt":1,"minecraft:crafting_table":4,"minecraft:wheat":280,"minecraft:azure_bluet":1,"minecraft:lilac":12,"minecraft:clay_ball":48,"minecraft:brown_mushroom":72,"minecraft:red_mushroom":6,"minecraft:oak_log":5,"minecraft:dirt":1,"minecraft:wheat_seeds":8,"minecraft:spruce_planks":43,"minecraft:rose_bush":12,"minecraft:poppy":8,"alexsmobs:raccoon_tail":1,"minecraft:oak_planks":17,"minecraft:stick":8,"minecraft:dandelion":1,"minecraft:spruce_sapling":1,"minecraft:spruce_log":80,"minecraft:lily_of_the_valley":1,"minecraft:mossy_cobblestone":2,"duneons:mossstoneblock":6,"alexsmobs:maggot":4,"minecraft:oak_sapling":4,"minecraft:cobblestone":31,"minecraft:sunflower":2},"minecraft:mined":{"duneons:mossstoneblock":6,"minecraft:spruce_planks":1,"minecraft:brown_mushroom":37,"duneons:golden_barley":56,"minecraft:mossy_cobblestone":2,"minecraft:lily_of_the_valley":1,"duneons:bigferncreeperwoods":2,"minecraft:dandelion":1,"minecraft:clay":21,"minecraft:crafting_table":4,"minecraft:grass_block":1,"minecraft:poppy":5,"duneons:highlandtallgrass":1,"minecraft:rose_bush":6,"minecraft:dead_bush":1,"minecraft:mushroom_stem":6,"biomesoplenty:high_grass_plant":5,"minecraft:cobblestone":2,"biomesoplenty:sprout":38,"minecraft:spruce_leaves":7,"minecraft:oak_planks":1,"duneons:peonydied":1,"minecraft:large_fern":13,"minecraft:seagrass":1,"minecraft:tall_seagrass":2,"biomesoplenty:magic_leaves":1,"duneons:popflower":2,"minecraft:lilac":4,"minecraft:spruce_log":84,"duneons:creeperwoodstallgrass":21,"minecraft:azure_bluet":1,"minecraft:grass":37,"minecraft:oak_log":5,"biomesoplenty:high_grass":10,"minecraft:sunflower":2,"minecraft:red_mushroom_block":45,"duneons:dungeonscharreddirt":1,"minecraft:stone":36,"minecraft:oak_leaves":22,"minecraft:fern":13},"minecraft:crafted":{"minecraft:wooden_sword":1,"minecraft:oak_planks":9,"minecraft:crafting_table":1,"minecraft:spruce_planks":54,"minecraft:wooden_pickaxe":1,"minecraft:stone_axe":1,"minecraft:air":40,"minecraft:stick":5,"minecraft:stone_pickaxe":1,"minecraft:wooden_axe":1,"minecraft:stone_sword":1},"minecraft:custom":{"minecraft:mob_kills":9,"minecraft:interact_with_crafting_table":7,"minecraft:leave_game":1,"minecraft:time_since_death":0,"minecraft:time_since_rest":1,"minecraft:sprint_one_cm":129298,"minecraft:damage_taken":1885,"minecraft:walk_one_cm":159466,"minecraft:drop":30,"minecraft:damage_dealt":1041,"minecraft:fly_one_cm":65023,"minecraft:open_chest":10,"minecraft:crouch_one_cm":2110,"minecraft:play_time":50093,"minecraft:deaths":4,"minecraft:sneak_time":1817,"minecraft:walk_under_water_one_cm":1391,"minecraft:jump":541,"minecraft:walk_on_water_one_cm":10191,"minecraft:total_world_time":50093,"minecraft:fall_one_cm":9366},"minecraft:killed":{"minecraft:cave_spider":1,"alexsmobs:raccoon":1,"minecraft:skeleton":1,"minecraft:zombie":2,"realmrpg_demons:chort":1,"alexsmobs:fly":3}},"DataVersion":3465}